Name^|mobile^|id^|address^|weight
尚薇凱^|0987413568^|Q244654548^|臺北市內湖區潭美街163號15樓^|111
姬嬪佐^|0963131183^|C106371654^|新北市汐止區工建路198號2樓^|97
何菱瑞^|0925308557^|P187545456^|雲林縣元長鄉內寮67號3樓^|45
路家誌^|0918745878^|J225051826^|臺南市永康區永大二路52號12樓^|52
束佳諭^|0988577250^|V106543807^|桃園市八德區廣豐路441號11樓^|114
簡銘家^|0917641401^|Z106715164^|桃園市桃園區民富十一街57號16樓^|70
蔣睿崧^|0952508807^|A110722729^|桃園市大溪區溪洲468號14樓^|114
侯仕漢^|0913327385^|R150618824^|新北市平溪區靜安路３段136號6樓^|58
向寧銘^|0930003360^|X145582071^|桃園市大園區大竹南路326號21樓^|20
駱碩欣^|0935222135^|Y128835663^|新北市五股區芳洲五路188號12樓^|94
洪國倫^|0923055573^|A123061708^|金門縣金沙鎮明德路304號18樓^|32
陸叡群^|0926104138^|T105725689^|苗栗縣苗栗市民權街415號12樓^|72
孫玫儒^|0920301180^|T254671303^|屏東縣屏東市廣東路172號23樓^|44
昌維意^|0928776136^|T128163043^|新竹縣新豐鄉忠孝路351號^|33
昌承瑋^|0938302117^|R133618375^|苗栗縣獅潭鄉豐林239號22樓^|20
柯芝^|0914340204^|Z241327837^|屏東縣潮州鎮中山二巷382號10樓^|83
鍾玉宜^|0924413121^|S254281488^|花蓮縣富里鄉東興400號4樓^|40
陳育成^|0988546057^|K284143753^|高雄市大樹區義大十一街74號6樓^|67
鍾冠庭^|0986565078^|U133305723^|屏東縣萬丹鄉萬新路372號11樓^|112
彭怡蒼^|0911760657^|T124231602^|南投縣集集鎮石盤巷408號5樓^|28
陸修云^|0954364620^|R244616487^|新北市平溪區柴橋坑29號9樓^|67
韓建琪^|0918708753^|R185725681^|臺南市下營區友愛街209號12樓^|61
毛宗希^|0910724877^|N142503026^|彰化縣彰化市埔北街188號8樓^|12
巴心雅^|0913005178^|L158105427^|屏東縣屏東市新振巷258號16樓^|54
邵修宜^|0953557863^|P247476689^|桃園市平鎮區鎮興里平鎮451之1號23樓^|31
簡春皓^|0926811747^|H102113786^|彰化縣溪湖鎮大溪十街190號24樓^|22
紀禎芷^|0927680227^|M243517365^|新北市三重區福隆路496號20樓^|87
瞿長恬^|0935586867^|A271741844^|臺中市北區華中街454號19樓^|72
元博秀^|0972746222^|V138015609^|屏東縣佳冬鄉佳興路98號7樓^|11
蒼嘉艾^|0925442204^|R114812782^|花蓮縣花蓮市富裕六街267號4樓^|107
張維佩^|0918512674^|Q218711518^|臺中市神岡區神圳路340號11樓^|5
陳育蘋^|0937562146^|J127303072^|彰化縣溪州鄉保安路497號2樓^|8
蒼宇宜^|0921133147^|Q107622259^|雲林縣虎尾鎮光復285號3樓^|6
孫靜怡^|0918314274^|H204010664^|花蓮縣鳳林鎮鳳義141號13樓^|14
馬桐筠^|0958577702^|X160776864^|高雄市大寮區崇文街256號11樓^|93
東絮文^|0972305205^|Q268856759^|高雄市美濃區朝元219號21樓^|68
蒙舜豪^|0938128538^|I206605639^|臺中市清水區三民路１段54號17樓^|50
顏穎^|0971605007^|T246536340^|桃園市龜山區萬壽路２段157號14樓^|108
杜若鴻^|0953402166^|H238573330^|臺中市龍井區沙田路５段水裡社巷182號22樓^|2
藍天宗^|0928111234^|G226674527^|新竹縣竹北市新工三路329號10樓^|14
吳衛志^|0932338686^|J108743663^|臺南市將軍區馬沙溝382號22樓^|48
廖采^|0971180306^|Y165405281^|高雄市鳳山區瑞興路418號19樓^|23
秦仁凌^|0910345532^|P240412687^|新北市新店區桃李二路374號21樓^|67
蔡承俊^|0986526368^|M124636656^|桃園市八德區永豐路459號14樓^|108
曲洲^|0955325417^|K226483234^|新北市鶯歌區西湖街451號2樓^|62
邵世峰^|0931533382^|B272788815^|花蓮縣吉安鄉慶豐六街359號9樓^|116
賀晴家^|0963666342^|Y200344367^|彰化縣員林市永吉街252號10樓^|120
董蓉仲^|0914385052^|K166230322^|臺南市白河區關子嶺235號9樓^|22
阮一英^|0953245117^|C240471275^|臺中市北區博館二街87號11樓^|66
豐民翔^|0936564158^|A263555807^|屏東縣鹽埔鄉自強路442號2樓^|121
林修琴^|0917220400^|T111080020^|臺南市柳營區東昇一街242號3樓^|57
邰靖佑^|0968653811^|L230856174^|桃園市中壢區潮州街337號4樓^|64
梁詮家^|0918871061^|M170114083^|苗栗縣頭份市尖下321號7樓^|61
盧罡慧^|0916546858^|Q178234049^|高雄市鳳山區鎮東路230號10樓^|60
韓家信^|0922382340^|E283588566^|新北市汐止區福德一路279號17樓^|67
上官藝雅^|0970811015^|N267684435^|臺北市大安區忠孝東路４段223巷342號2樓^|93
戴源^|0914811061^|A120600221^|臺南市新市區復興路152號7樓^|121
龔嬿清^|0934465852^|X280371312^|新北市坪林區下坑子口294號4樓^|108
胡慧湘^|0911571170^|U185848566^|臺中市大甲區東西六路１段33巷395號13樓^|9
謝明向^|0915435253^|R204827264^|南投縣竹山鎮下橫街378號7樓^|44
尤彥丞^|0954745302^|N247633423^|臺北市信義區忠孝東路４段301號6樓^|31
蕭志智^|0955567818^|Z130871635^|高雄市前金區自強一路96號22樓^|2
文豪威^|0954026014^|N111415402^|桃園市觀音區福二街29號13樓^|3
鄭柔文^|0954012453^|N253773705^|桃園市中壢區華美一路287號18樓^|48
高秀千^|0970333207^|U261841763^|高雄市楠梓區和光街333號19樓^|18
景方彥^|0929283506^|Y176880405^|彰化縣大村鄉中正西路404號10樓^|54
葉芬華^|0939227418^|M173675154^|新北市三峽區成福路318號8樓^|67
毛思若^|0923328312^|W261567238^|桃園市新屋區民有三路392號17樓^|115
從立伸^|0921002077^|S228284422^|臺中市沙鹿區英才路9號14樓^|3
戚容珮^|0958234710^|P163818032^|臺中市豐原區成功路37號5樓^|19
淩耕巧^|0986735500^|L154166504^|高雄市前金區市中一路446號4樓^|110
袁涵光^|0932806156^|M140724231^|臺南市永康區興國街370號11樓^|114
周盈聰^|0921833226^|I285567634^|雲林縣二崙鄉湳子路223號17樓^|2
施茜元^|0987401870^|Z243064619^|嘉義市西區興達路37號5樓^|44
翁振俞^|0915488360^|A288365452^|新竹縣湖口鄉工業二路211號19樓^|66
錢宛興^|0912477067^|R288702548^|宜蘭縣羅東鎮南昌東街396號24樓^|85
陳盈士^|0924422858^|G238118865^|臺南市永康區成功路366號17樓^|6
廖仲思^|0924800125^|Q167024162^|高雄市左營區勝利路86號15樓^|51
焦薇真^|0934157007^|V210726110^|臺南市永康區大灣路40巷496號10樓^|40
葉可^|0958801084^|A261312724^|南投縣南投市光榮南路一街375號13樓^|48
徐婕叡^|0958020332^|V203586231^|臺南市永康區永大路３段469巷120號15樓^|52
盧柏亞^|0968435826^|V255546703^|南投縣埔里鎮籃城一巷4號4樓^|89
燕俊奕^|0960747702^|J108431006^|臺中市清水區港埠路４段196號19樓^|6
程婉湘^|0953631074^|U125766258^|屏東縣滿州鄉分水嶺路473號18樓^|111
黃嘉文^|0972161177^|E172282079^|臺中市太平區山田路389號14樓^|52
簡明婷^|0918561027^|R168831055^|嘉義縣梅山鄉大片田204號^|53
陶德佩^|0960442736^|V226660865^|臺南市關廟區長裕街85號20樓^|13
孫純麒^|0986460330^|D235704875^|新北市新店區桃李一路446號4樓^|33
毛志佩^|0937513583^|G255373324^|金門縣金城鎮金城新莊384號11樓^|63
喬曉伶^|0910023650^|V163176713^|新竹市香山區中華路５段145號16樓^|91
仇雨承^|0927105150^|P204017408^|高雄市鳳山區五常街420號19樓^|62
曹安思^|0928767385^|P204731243^|高雄市彌陀區自力路258號5樓^|44
符豪懿^|0933722285^|D286560078^|屏東縣東港鎮長春路298號10樓^|88
謝國^|0929044368^|Y136463233^|臺中市南屯區五權五街214號20樓^|37
梁坤宏^|0912420706^|J271215847^|臺中市霧峰區民生路八德巷414號18樓^|8
謝昆芬^|0910102276^|X257237832^|新北市中和區建六路407號9樓^|8
黃書慧^|0988802650^|E132683636^|臺中市北區國豐街324號17樓^|81
熊惠珊^|0954714786^|P244554382^|臺南市東區文化二街353號14樓^|119
謝蓁宇^|0926528506^|L228415609^|花蓮縣壽豐鄉仁愛街１段244號9樓^|30
黎珮欣^|0930176064^|N130608043^|臺南市仁德區勝利路471號21樓^|88
吳慧明^|0931017673^|T132266851^|臺東縣池上鄉新生路267號15樓^|20
浦燁智^|0954730175^|V217214444^|臺北市信義區永吉路295號14樓^|70
楊臨國^|0913160065^|P202760513^|嘉義市西區漢口路69號5樓^|65
康堯筑^|0972088166^|T116827550^|新北市深坑區大崙尾252號19樓^|37
吳君忠^|0914733258^|L231570566^|臺中市太平區長億六街394號21樓^|36
舒幸啟^|0913111406^|R141808561^|高雄市鳳山區頂新十街453號24樓^|75
齊之華^|0928817711^|Q250781430^|苗栗縣三灣鄉上雙坑449號18樓^|92
顧婷璟^|0928802753^|A222544880^|屏東縣滿州鄉南山路154號5樓^|71
簡凱梅^|0960588783^|S137238767^|高雄市旗山區日新街486號22樓^|116
魏毅瑋^|0918088023^|U104675832^|屏東縣潮州鎮壽福路419號14樓^|3
慕俐君^|0930807385^|D270856143^|屏東縣屏東市忠孝路73號4樓^|38
令狐帆蓁^|0914220774^|D155425533^|臺中市南屯區大墩十一街95號8樓^|41
謝家孟^|0963531466^|Q263785380^|宜蘭縣五結鄉成興路267號4樓^|55
邰華倢^|0988303606^|W127543612^|新北市新莊區中港路中慶巷68號17樓^|107
許欣賢^|0921033538^|B157064689^|雲林縣虎尾鎮文科路222號5樓^|68
楊霆鈺^|0968233287^|I233572301^|南投縣魚池鄉德化街367號23樓^|120
滕儒廷^|0923414552^|Q130257646^|桃園市桃園區民族路314號21樓^|16
鍾妮翰^|0956107067^|Y272653182^|高雄市前鎮區翠和街466號22樓^|27
房華智^|0954350124^|N157821782^|嘉義縣竹崎鄉朴子埔500號7樓^|68
浦祥芬^|0917167578^|P172711144^|雲林縣斗六市明德路62號2樓^|6
冷姿承^|0970707753^|G176660633^|臺南市南區萬年五街400巷301號^|98
賴天靜^|0914350760^|H201835034^|雲林縣北港鎮北辰路97號12樓^|112
盧倖信^|0933814858^|U254761429^|彰化縣花壇鄉鑛底巷234號5樓^|30
顏雲禮^|0938172144^|H247141800^|花蓮縣花蓮市順興路135號18樓^|117
向暐穎^|0926561184^|F113180719^|宜蘭縣五結鄉利工一路２段29號4樓^|111
葉錦耀^|0988700735^|P184347510^|臺北市大安區安居街95號24樓^|62
吳彥昇^|0924557551^|P204735803^|臺北市大安區和平東路３段303號17樓^|44
諸葛昱強^|0925764072^|R228061580^|高雄市前金區文武一街352號15樓^|36
謝娟文^|0955087006^|G247138035^|花蓮縣吉安鄉自立路354號15樓^|67
錢雅家^|0960187225^|B201541406^|臺中市太平區中山路１段163號^|79
壽希筠^|0923883534^|J185340324^|桃園市中壢區元化路194號11樓^|33
方之州^|0915404256^|K103636726^|臺北市中山區民生東路２段334號16樓^|58
昌弘政^|0923460270^|K256672810^|新北市三重區中正北路491號10樓^|14
古玲志^|0952310731^|L118724555^|臺南市東山區中興路288號11樓^|79
周柏宜^|0925627415^|G137484617^|桃園市楊梅區楊湖路３段255巷460號14樓^|24
侯宏曉^|0933230311^|B153315578^|彰化縣彰化市福成街294號7樓^|20
牛芬鈞^|0961256211^|X152125531^|雲林縣口湖鄉慈愛路355號14樓^|6
石毅芳^|0914120573^|I177840453^|屏東縣車城鄉中正路保同巷109號24樓^|86
葉巧紹^|0925341546^|C226532486^|雲林縣臺西鄉中山路420號2樓^|93
包豪雯^|0913034666^|C171721664^|彰化縣秀水鄉民意街307號22樓^|10
孫華豪^|0952417815^|V212374203^|宜蘭縣壯圍鄉廍後路173號5樓^|71
範耕豐^|0958263747^|J148437475^|屏東縣高樹鄉福田路339號18樓^|63
蒙玟凱^|0912560741^|M114060444^|桃園市龜山區建國東路245號6樓^|118
楊倩婷^|0986247647^|S233003206^|屏東縣九如鄉三和街111號18樓^|93
周文慶^|0924212677^|Y270316775^|臺南市將軍區仁巷254號24樓^|109
梁婷筑^|0919403306^|H223581142^|高雄市鳳山區鳳南路40號16樓^|55
廣心弘^|0930185277^|I133132154^|臺中市東區東英一街384號23樓^|104
汲怡曉^|0956875506^|Q278621562^|新北市三重區集英路33號4樓^|34
曹佳茹^|0968467173^|E260284654^|苗栗縣頭份市華美街24號8樓^|79
王婷乃^|0939158452^|Y244067078^|彰化縣和美鎮水源路1號18樓^|77
高志瑋^|0932502311^|M204842730^|苗栗縣竹南鎮文山街130號5樓^|31
房維竹^|0960511381^|P171752874^|苗栗縣銅鑼鄉新興路296號19樓^|115
沈奕家^|0988353885^|V113161584^|高雄市大寮區鳳林四路393號16樓^|44
強恩大^|0920204773^|U202207203^|南投縣名間鄉南雲路13號17樓^|121
林保哲^|0954052337^|F240686877^|桃園市八德區正福七街367號24樓^|22
計珊汝^|0988145676^|S268840888^|宜蘭縣蘇澳鎮中山路１段288號14樓^|47
沈育筠^|0963048218^|R177336161^|桃園市桃園區莊二街121號5樓^|21
楊茹郁^|0915812341^|B131352817^|臺北市大同區南京西路242號10樓^|36
舒明紹^|0928212022^|L250827660^|臺北市士林區忠誠路２段98巷356號10樓^|8
沈婷磊^|0954765550^|Q268034324^|嘉義縣東石鄉圍子內18號24樓^|27
曆筑淳^|0953530557^|D181576305^|新竹縣湖口鄉中山三街221號6樓^|14
任曉佑^|0917812465^|I188084425^|彰化縣溪湖鎮華中二街489號7樓^|78
邱佳寧^|0954856511^|H125176843^|桃園市龍潭區龍園八路284號5樓^|3
莘婷天^|0963470363^|C137154110^|臺北市松山區民生東路５段131號16樓^|59
盧宛倫^|0926217273^|G126175723^|澎湖縣馬公市光華149號13樓^|88
湯皓光^|0927521626^|D168572738^|臺東縣臺東市祥和路280號12樓^|118
曾杰嵐^|0925640018^|V265000376^|苗栗縣公館鄉北河413號5樓^|52
米昀則^|0912801848^|Q135207173^|彰化縣永靖鄉永昌街359號10樓^|27
汪信書^|0924347467^|I132371237^|屏東縣屏東市溪邊204號21樓^|20
蒙義鈞^|0931185073^|V255082008^|臺北市大同區南京西路25巷6之3號18樓^|91
林柏呈^|0982061273^|J270146129^|臺北市信義區吳興街152號7樓^|77
陽琴維^|0970378468^|H256246783^|彰化縣彰化市彰南路２段223號20樓^|16
潘諭任^|0927182521^|E124232232^|雲林縣斗六市正義六街283號22樓^|35
邰儀鳳^|0935225604^|K164780178^|高雄市三民區鼎金二橫巷267號23樓^|26
辛忻子^|0927431638^|Y234551152^|桃園市蘆竹區廟口375之3號16樓^|60
陸伊珮^|0958740118^|D725667463^|高雄市茄萣區濱海路２段332號2樓^|56
蔣伶鴻^|0928712602^|U207615607^|臺北市大安區復興南路１段135巷120號3樓^|22
雷謀育^|0961308188^|I238842719^|高雄市前鎮區公正路392號17樓^|6
劉耀玫^|0968718533^|G186874603^|嘉義縣梅山鄉梨子脚270號24樓^|36
龍宇^|0954847180^|P234031087^|屏東縣長治鄉復興路145號18樓^|67
懷範錡^|0938700833^|Z256633673^|桃園市大園區和平西路１段359號^|16
許絜嘉^|0923528745^|B153777836^|臺北市中正區臨沂街172號24樓^|105
吳光娟^|0936886143^|G135178385^|臺北市中正區重慶南路１段70號21樓^|115
鄭智樺^|0970316538^|D244668739^|屏東縣恆春鎮新厝路440號12樓^|39
桑尹陳^|0936024650^|V214582605^|新竹縣竹北市鳳岡路５段405號4樓^|87
路華怡^|0933870784^|S127443738^|臺南市永康區聖龍街17號22樓^|88
黎慶皖^|0936567318^|Z263357526^|嘉義縣朴子市小槺榔13號13樓^|14
李玫建^|0986266774^|R176124283^|桃園市中壢區莒光路173號10樓^|70
周潔嘉^|0918806655^|U237663620^|臺南市安南區北安一街104號4樓^|73
潘文賜^|0911411053^|U146841550^|臺北市信義區和平東路３段113號24樓^|83
羅力^|0970636251^|T157336443^|高雄市苓雅區惠安街469號9樓^|97
高玉雅^|0961457214^|H235076772^|臺北市大安區和平東路２段107巷164號13樓^|71
董方心^|0971461364^|E171250760^|桃園市中壢區仁美480號10樓^|26
陽杰柏^|0913202540^|F187258406^|高雄市苓雅區復興二路1號5樓^|110
周涵佩^|0982444521^|V202812072^|彰化縣線西鄉沿海路１段386號12樓^|3
賴萍信^|0960263123^|J280525169^|嘉義縣溪口鄉牛埔寮469號2樓^|12
杜奕志^|0931650163^|D145778821^|臺北市中正區詔安街463號24樓^|3
黃威可^|0954117044^|Z133145721^|臺北市信義區忠孝東路５段236巷171號24樓^|83
歐陽智暄^|0920156401^|N230223819^|桃園市觀音區二聖路259號13樓^|62
趙建郁^|0936668484^|D286751300^|臺南市柳營區東南七街132號9樓^|105
孟偉^|0982431551^|S136771423^|臺南市仁德區仁德五街115號14樓^|79
元郁海^|0925557674^|X103706857^|新北市板橋區中正路398號7樓^|104
洪盈翊^|0986151152^|G104686807^|高雄市左營區榮總路269號21樓^|11
聶美蕙^|0956134524^|B216051384^|桃園市桃園區同德三街255號5樓^|93
錢鈺佳^|0930887887^|F136375136^|屏東縣屏東市崇安街133號8樓^|61
通懷薪^|0986083860^|I200018730^|高雄市林園區半廍路226號21樓^|60
高慧璋^|0911784634^|D174745434^|臺南市北區和緯路５段183號^|80
丁靜凱^|0919007874^|D163500027^|南投縣竹山鎮林圯街1巷290號18樓^|56
胡欣明^|0923810332^|U105518461^|高雄市甲仙區林森路222號17樓^|3
黎玲煒^|0931641276^|D217382755^|臺中市北區忠明五街159號12樓^|54
郝尚景^|0929564070^|B230886432^|南投縣南投市同源路七街152號23樓^|17
向師宇^|0929150347^|M242604707^|南投縣水里鄉風埔路452號19樓^|96
梁人國^|0956218316^|Q240113822^|臺中市北屯區山西路２段208號14樓^|10
蔡育全^|0910523276^|Q127184812^|高雄市彌陀區仁愛街342號13樓^|57
白念建^|0970781063^|I143318559^|彰化縣溪湖鎮東興西街8號10樓^|97
張順倩^|0936437126^|Z164411607^|高雄市前鎮區復興新巷27號20樓^|26
伊會蘭^|0911238606^|T175756185^|臺中市烏日區中山路２段昌明巷442號^|17
馮竣蓓^|0932317346^|V248782815^|基隆市中正區和一路103號14樓^|16
胡致中^|0952161774^|V231543826^|宜蘭縣蘇澳鎮海山西路247號13樓^|86
紀思永^|0939133701^|Y180548269^|桃園市大園區五福路234號3樓^|35
仇宛文^|0986338438^|T101482361^|花蓮縣吉安鄉吉昌一街426號8樓^|42
劉名奎^|0914640604^|V153427525^|新北市泰山區壽山路42號9樓^|76
董彬瑜^|0930072713^|V733663321^|嘉義縣布袋鎮新北五街472號5樓^|27
廉思仁^|0932406437^|N134168871^|彰化縣秀水鄉三越街435號22樓^|5
潘鎮永^|0914742868^|N121510334^|臺中市龍井區遊園南路270巷318號^|117
曾傑生^|0910864357^|L237508788^|雲林縣麥寮鄉公園路488號20樓^|32
陳一明^|0961431157^|C167857348^|花蓮縣花蓮市福德三街305號9樓^|82
從婷瑜^|0939806357^|E165341625^|花蓮縣壽豐鄉新站390號15樓^|34
曹宏偉^|0927116814^|P147563354^|彰化縣埤頭鄉中華路308號^|6
畢祥雅^|0910846463^|I120454249^|桃園市大園區科三街147號3樓^|12
黃憲玉^|0939557707^|A171722230^|高雄市苓雅區同慶路312號24樓^|55
梁華文^|0988507245^|Z133658116^|桃園市中壢區吉利六街143號8樓^|59
昌宥智^|0920852282^|D230216629^|新北市烏來區卡拉模基209號8樓^|45
吳渼璘^|0916360174^|Y131526520^|高雄市大寮區新生街111號2樓^|26
趙琳仕^|0936556285^|V245026721^|高雄市湖內區中正路２段72號18樓^|79
鍾志世^|0953566488^|V126148415^|高雄市大寮區瑞祥街332號2樓^|113
邱儒翔^|0953868155^|P136322383^|新北市中和區中興街454號14樓^|106
周穎伶^|0922334510^|J263823433^|臺北市內湖區行忠路31號8樓^|48
強婉婷^|0912003207^|N107358163^|臺北市松山區寶清街179號19樓^|104
沈明心^|0939606577^|V116843207^|臺北市內湖區新湖二路399號10樓^|106
宗寧長^|0911321866^|M283456378^|桃園市中壢區龍興路134號10樓^|26
蒼澤漢^|0930274261^|N101850766^|高雄市仁武區大春二街386號19樓^|118
施慧如^|0956435768^|B231387625^|新北市中和區莒光路101號19樓^|53
劉玉如^|0913601374^|F225243018^|高雄市小港區崇本街220號5樓^|21
許貴樵^|0918371505^|E171066375^|臺北市內湖區星雲街119號9樓^|9
董軒舜^|0936672004^|K284526369^|桃園市龜山區科技三路191號20樓^|79
伊佳宏^|0917612030^|A280488823^|臺北市中山區吉林路343巷227號14樓^|60
周博詠^|0955334754^|H100388829^|臺北市大安區敦化南路２段400號15樓^|53
王尚齊^|0935560305^|U155825706^|桃園市中壢區新中北路158號11樓^|33
阮建^|0921677344^|Y143884804^|屏東縣屏東市公勤二街71之2號7樓^|13
林孟維^|0922570544^|I141223468^|彰化縣埔心鄉柳橋東路341號17樓^|59
艾彥亞^|0922735056^|L232763001^|高雄市茄萣區崎漏一街322號2樓^|118
韓嘉祥^|0952410575^|B222203189^|桃園市桃園區春日路392號10樓^|119
孫儀^|0958285738^|K203155700^|新北市新莊區瓊林南路81號^|12
淩仲豪^|0911767265^|Z268758050^|屏東縣高樹鄉永豐巷102號9樓^|57
蔚彥郎^|0915503086^|W140602801^|高雄市三民區博仁街33號22樓^|84
豐振重^|0972054072^|Y218430425^|南投縣魚池鄉碧山巷486號8樓^|47
何涵景^|0952667812^|G151711004^|臺南市永康區國聖街83號11樓^|69
歐婷凱^|0910472738^|Q106700021^|彰化縣伸港鄉東全路175號4樓^|90
朱曉國^|0960375828^|B234516280^|花蓮縣吉安鄉南海十五街36號19樓^|40
葉安理^|0932557723^|P136466175^|臺中市西屯區臺灣大道３段255號18樓^|52
郭世惠^|0952127485^|V242831784^|金門縣金湖鎮復興路30之2號6樓^|73
童琪涵^|0922220520^|S138068429^|彰化縣竹塘鄉信義街177號3樓^|111
懷維政^|0958723203^|H140407885^|臺中市北屯區昌平路２段金谷巷472號19樓^|13
邰健卿^|0930703313^|K257835133^|桃園市大園區中華路215號13樓^|110
強潔玲^|0913634244^|I140334015^|彰化縣溪州鄉溪厝村太平路203號2樓^|2
蕭雲修^|0926130554^|N163162347^|宜蘭縣三星鄉大隱八路26號10樓^|60
嚴偉秀^|0919668345^|P147421477^|桃園市桃園區德壽二街302號21樓^|44
曆青尚^|0960476244^|B251852507^|臺中市西屯區中清路154巷54弄22號23樓^|56
丁如志^|0961530056^|U232434101^|桃園市八德區東泰新村368號8樓^|89
王宇文^|0924645302^|L283624259^|新竹縣尖石鄉泰崗141號18樓^|55
吳周揚^|0968210661^|S151016576^|桃園市蘆竹區光明路２段光明巷349號^|111
羅庭尚^|0986503374^|N784441130^|臺中市北屯區山西中街446號3樓^|95
趙睦群^|0919617755^|L220312067^|臺南市新化區竹子腳411號23樓^|44
公宴雅^|0923515886^|R174285229^|彰化縣彰化市三竹路118號9樓^|73
易聖靜^|0956652553^|C275301722^|新北市三重區仁勇街498號14樓^|87
杜穎信^|0986301331^|I110748609^|南投縣集集鎮民生東路2巷200號17樓^|56
康昱娟^|0916562114^|P253074726^|南投縣埔里鎮鯉魚一巷157號15樓^|107
文柔安^|0988856523^|D245561122^|高雄市三民區九如一路139號3樓^|103
劉茹奕^|0934165786^|B204834739^|高雄市彌陀區淵仔塭288號7樓^|80
習中廷^|0971770875^|X185575836^|高雄市橋頭區林頭路自立巷46號^|112
戴瓊淳^|0934615878^|F171780433^|臺南市東區崇德十一街325號15樓^|112
燕萍銘^|0968620572^|L264102747^|雲林縣口湖鄉中和路394號20樓^|65
林章華^|0916217604^|I156481454^|臺南市新化區崙子頂451號11樓^|91
烏志愛^|0929121080^|M215274604^|屏東縣萬丹鄉大順路390號22樓^|70
計柏晏^|0935057652^|C266512039^|高雄市三民區仁愛一巷232號3樓^|13
江恬映^|0911601123^|J141738522^|臺北市文山區興隆路２段441號6樓^|107
宋淑瑜^|0988110026^|W244585401^|臺中市太平區中平路順昌巷496號17樓^|110
田威雯^|0971877241^|R285146155^|臺南市中西區五妃街482號23樓^|115
文凱璋^|0915432471^|X274860755^|臺南市安南區顯宮二街227號14樓^|28
艾萍孝^|0916585585^|R261331009^|新竹縣竹北市新社164號16樓^|60
陳芳純^|0912424547^|F276151809^|臺中市大肚區沙田路１段391號21樓^|36
景鼎鶯^|0972007582^|S264271047^|高雄市前鎮區衙平三街361號19樓^|4
石杰齡^|0970647724^|T186214376^|臺東縣臺東市文心街265號12樓^|118
賴泓燕^|0912440768^|E288675331^|桃園市中壢區永泰路361號11樓^|109
衛英雯^|0926100687^|Q162736587^|臺北市萬華區環河南路２段329號7樓^|34
簡維鎮^|0920850057^|G203471680^|臺南市歸仁區中正十街138號14樓^|83
胡威勤^|0926168223^|T204156824^|苗栗縣泰安鄉高熊卡106號22樓^|113
孫宜萍^|0920616458^|A275550018^|臺中市外埔區甲后路新城六巷446號20樓^|51
連美瑤^|0912768053^|J172674053^|高雄市梓官區大舍西路295號8樓^|71
錢葦文^|0953727355^|T188263617^|臺南市南區夏林路320號3樓^|11
林婷芷^|0982282303^|R157522063^|彰化縣溪湖鎮東興西街234號22樓^|32
楊永敏^|0914851301^|J202717830^|屏東縣車城鄉北門路94號2樓^|34
歐汶岷^|0968831303^|U202480373^|臺北市中山區錦州街107號9樓^|76
趙傑真^|0912010386^|M110682828^|嘉義市西區賢達路478號14樓^|102
燕勛^|0924472873^|X215376370^|南投縣南投市光華十路402號14樓^|19
張欣庭^|0958614333^|W236736387^|臺南市六甲區菁埔寮210號5樓^|61
珠聖銘^|0924514325^|U287566112^|高雄市美濃區復興街２段193號16樓^|104
周立俊^|0920881205^|N152083148^|高雄市仁武區京吉五路366號9樓^|5
柏呈宜^|0929776860^|Z126571186^|臺北市大同區哈密街70巷176號5樓^|54
陶宜緯^|0937726211^|Y221633350^|雲林縣虎尾鎮下溪495號17樓^|49
阮青世^|0953875768^|K223704665^|高雄市前鎮區嘉陵街194號22樓^|115
楊方琪^|0963614770^|P111588812^|屏東縣長治鄉復興路191號24樓^|7
莊心彰^|0919450107^|R122872014^|新竹市北區東大路２段497號13樓^|55
呂妍雪^|0924214850^|F236167556^|彰化縣和美鎮仁川路334號5樓^|16
慕啟鎧^|0912827164^|R252647781^|屏東縣內埔鄉大同路３段130號22樓^|89
衡君瑋^|0954155061^|Z253286841^|臺中市豐原區永康路264號15樓^|29
束鳴揚^|0931255777^|U124340125^|桃園市桃園區同安街149號20樓^|102
曹千宜^|0956737883^|Q254846209^|桃園市龜山區文光街282號6樓^|120
顏宏任^|0931356311^|D214611615^|臺中市東區三賢街350號15樓^|63
呂瑾瑜^|0954711024^|N105544072^|彰化縣線西鄉線伸路110號23樓^|22
邱麗俊^|0926831873^|P233557108^|彰化縣溪湖鎮富麗街235號10樓^|14
郭伶茹^|0968172018^|M208533867^|屏東縣恆春鎮砂島路296號11樓^|67
辛上典^|0922538413^|K213628425^|高雄市大寮區大明街120號22樓^|4
東如駿^|0933175254^|J146426643^|新竹縣竹北市隘口八街271號^|69
毛釆騰^|0933645155^|E187513429^|彰化縣大村鄉松槐路105號18樓^|115
聶仲文^|0922760603^|R264576608^|臺中市西區民生路293號^|120
高玉倫^|0921761747^|G136665074^|花蓮縣吉安鄉福昌路１段204號7樓^|25
莊芳韋^|0915238344^|S266885656^|新北市新店區國校路461號17樓^|110
包培羽^|0982500658^|J268183185^|宜蘭縣宜蘭市農權路449號4樓^|37
席涵馨^|0952888260^|M138654340^|雲林縣斗南鎮義和一路237號5樓^|121
梁正珊^|0935330835^|T231016742^|高雄市三民區清華街369號5樓^|79
鳳菁藝^|0931446252^|R238267601^|臺中市烏日區大同十街136號11樓^|12
柯渝翔^|0914485146^|Q266430346^|嘉義縣番路鄉火燒寮391號12樓^|15
高念琳^|0920562113^|L112532106^|臺北市大安區忠孝東路４段112號14樓^|115
曾杰棋^|0971316868^|Z203026180^|高雄市彌陀區文安路北東巷108號12樓^|19
豐鈺蓁^|0931204010^|H284527177^|彰化縣鹿港鎮泉州街160號2樓^|31
曾如安^|0958233763^|L151237873^|桃園市平鎮區賦梅路497號18樓^|67
程逸雅^|0922661130^|C123486574^|高雄市燕巢區烏山巷419號3樓^|59
莊峻怡^|0918317051^|X267027008^|臺北市松山區敦化北路340號21樓^|75
陶諒良^|0921671852^|S163000168^|臺南市歸仁區大通路159號15樓^|22
霍念翔^|0912256607^|F283623052^|臺北市中山區民生西路3巷490號22樓^|79
珠河^|0932416115^|D202737444^|臺中市清水區鰲新六街335號13樓^|99
施家珊^|0956236584^|Q255521327^|雲林縣西螺鎮市場南路119號17樓^|100
宰筱姍^|0952701781^|J250612113^|高雄市大寮區後庄街444號22樓^|25
邱敏俊^|0926008268^|F108851158^|臺中市龍井區中社五街448號6樓^|92
黃建正^|0913327304^|S137663180^|屏東縣潮州鎮和祥街76號20樓^|22
蕭涵能^|0930803833^|S103825256^|桃園市龍潭區花園新城一街173號23樓^|26
苗偉佑^|0982841402^|E187373710^|桃園市龍潭區高楊南路406號6樓^|77
施益淑^|0926060548^|R274782636^|臺中市南屯區豐昌街467號10樓^|60
楊民才^|0927281288^|Y146348181^|臺南市安定區安定229號4樓^|91
羅翔素^|0912067175^|Y214018736^|南投縣草屯鎮中正路332號12樓^|22
古娟廷^|0961716232^|E256517051^|彰化縣伸港鄉大同二街432號21樓^|54
張安^|0931528350^|S150021377^|臺中市清水區中興街386號24樓^|51
葉奕鴻^|0933336730^|F217808158^|苗栗縣竹南鎮龍江街187號22樓^|115
尤樺菁^|0926171630^|R264784020^|屏東縣屏東市民教路269號11樓^|86
謝郁致^|0968378785^|P128224109^|臺中市東區東光園路322號15樓^|9
張瑋雅^|0937766121^|H156002869^|新竹市東區大學路342號3樓^|57
柯家佳^|0918163562^|M188608503^|臺中市南區頂橋三巷242號11樓^|4
許棋瑩^|0919375116^|U116742213^|臺中市梧棲區港埠路１段387號16樓^|77
紅宜珊^|0920511173^|V702661735^|新北市淡水區學府路353號13樓^|27
莊瑩玲^|0987453214^|T164878287^|苗栗縣大湖鄉麻竹窩406號23樓^|75
魏彬佩^|0971140410^|M233767586^|嘉義縣梅山鄉大草埔253號4樓^|9
陳筑妙^|0960264221^|P272245030^|桃園市龜山區幸福十一街191號11樓^|7
陽如^|0934805364^|J234045274^|臺中市沙鹿區屏西路古月巷382號14樓^|4
柳桓正^|0988411524^|Y175753463^|宜蘭縣冬山鄉安農三路368號22樓^|57
鍾筌^|0931256480^|H231451519^|新北市汐止區伯爵街311號4樓^|27
諸喬書^|0914877068^|A105311330^|桃園市觀音區二聖路422號7樓^|48
蘇竣祥^|0968235321^|Q278340704^|苗栗縣造橋鄉東興315號12樓^|99
鍾益紹^|0954436522^|M285623386^|彰化縣員林市光明街444號14樓^|108
苗鳳傑^|0938200571^|Q100530776^|桃園市大溪區登龍路232號2樓^|88
潘銘育^|0916523572^|Y281264513^|彰化縣員林市中山路１段174號13樓^|50
賴敏苹^|0955634287^|L241815232^|新竹市東區光復路１段268巷291號24樓^|74
邰澤汝^|0919474066^|D157770728^|高雄市鳳山區誠和路500號19樓^|97
馬伊明^|0971162286^|A223810169^|臺中市西區臺灣大道１段364號11樓^|120
貝雄欣^|0924813338^|D185682804^|臺中市神岡區光復路365號20樓^|34
蒼宗得^|0913848470^|H264567102^|新竹縣湖口鄉中美路413號2樓^|86
屈彬慈^|0927364863^|F230072183^|雲林縣東勢鄉北環東路371號10樓^|88
邱雋華^|0915210033^|L136841344^|桃園市八德區更寮腳259號20樓^|7
高智宜^|0924462768^|Q126327617^|花蓮縣吉安鄉福昌路137號21樓^|23
段維芝^|0982776560^|B144744141^|臺北市內湖區麗山街182號2樓^|49
黎怡庭^|0934311737^|D281657487^|臺中市南屯區嶺東路74號12樓^|37
胡晏麗^|0988743162^|K166153311^|高雄市三民區中和街7巷489號4樓^|42
李士瑜^|0961663078^|K104031001^|新北市泰山區明志路２段175號9樓^|87
王聖賢^|0988207870^|J288003848^|彰化縣北斗鎮文賢街263號16樓^|35
孫琪文^|0923076043^|A208344226^|彰化縣芳苑鄉漁港五路395號12樓^|11
蘇山汝^|0953488127^|G206868238^|桃園市龜山區興二街248號12樓^|86
張嘉韻^|0956134723^|Q235167167^|新北市永和區林森路301號13樓^|85
馬修彥^|0938810386^|Z263754721^|臺南市東區自由路１段463號13樓^|44
謝佩成^|0930052713^|J176030360^|嘉義縣民雄鄉中正路73號23樓^|114
錢平然^|0953280335^|B176748717^|新北市樹林區四德街216號20樓^|39
陶聖子^|0911650527^|Y250474043^|臺南市玉井區玉田67號5樓^|59
杜德謙^|0925772043^|D281081885^|嘉義縣朴子市文明路108號2樓^|36
徐駿淑^|0925281751^|I101712780^|彰化縣埔心鄉五通西路398號13樓^|43
習瑩世^|0987276870^|Q183506614^|花蓮縣富里鄉道化路137號^|71
項耀意^|0971220821^|R136120729^|高雄市小港區高松路48號14樓^|19
詹美媗^|0930742524^|Q138505130^|臺中市西區五權西二街369號20樓^|48
隆詩慧^|0955362241^|B185543239^|桃園市中壢區高鐵南路５段209號11樓^|68
胡嘉家^|0971773338^|H210278109^|臺南市歸仁區民生十二街179號19樓^|114
蒼威婕^|0912481136^|P247563016^|彰化縣大村鄉農區一巷378號16樓^|94
曹婷吉^|0925686160^|N174235780^|臺北市中山區一江街436之2號12樓^|24
高銘佩^|0922042268^|G100388168^|嘉義市西區下埤324號13樓^|7
閔子珊^|0910101241^|P164437362^|臺北市萬華區環河南路３段240號22樓^|33
謝菁明^|0936085181^|D186560487^|臺中市北區民權路242號21樓^|44
包怡雅^|0986071628^|H258717258^|花蓮縣吉安鄉南海七街41號16樓^|87
邰曉中^|0930106350^|P210200008^|臺中市大里區福興街377號4樓^|55
馬佩憲^|0939180161^|B270181489^|臺東縣臺東市博愛路228號16樓^|95
潘星宗^|0924577851^|L285478648^|屏東縣屏東市中正路277號11樓^|35
蒙尚毅^|0987336351^|Q238102471^|澎湖縣湖西鄉潭邊79號17樓^|10
陸輝雯^|0914800637^|H260811547^|高雄市楠梓區清豐三路102號5樓^|112
吳潔芬^|0968830524^|U217663820^|桃園市桃園區民富二街491號16樓^|97
童曉筠^|0924712332^|C124038821^|花蓮縣花蓮市介壽四街45號21樓^|32
葉祥霖^|0925838342^|N251108371^|臺東縣臺東市更生路481號13樓^|50
富昕冠^|0927713170^|L138540368^|花蓮縣瑞穗鄉東興路404號13樓^|23
葛植正^|0915415144^|C280776875^|高雄市三民區覺民路445號15樓^|71
林安瑩^|0938846641^|U155445306^|南投縣鹿谷鄉中央巷19號10樓^|17
魏曼鴻^|0982370116^|L282661221^|宜蘭縣三星鄉健富路１段116號8樓^|118
紀楷穎^|0928631323^|F178620234^|宜蘭縣員山鄉金泰路410號22樓^|101
蔡珮思^|0929760870^|D187543300^|宜蘭縣員山鄉員山路３段83號21樓^|59
鍾敏^|0930334542^|D266615161^|屏東縣東港鎮環美六街4號7樓^|46
羅雁柏^|0988855070^|I113477885^|臺南市永康區永大路２段335巷128號20樓^|59
蒼均宮^|0912544602^|C140013771^|苗栗縣頭份市華興街385號13樓^|121
孫宇榮^|0935002438^|P231077330^|花蓮縣花蓮市國民336號21樓^|62
鄭健立^|0956650031^|J147745227^|臺中市南屯區黎明路１段230巷205號11樓^|101
莫瑋佩^|0919073774^|B243485163^|新北市中和區景平路6號20樓^|116
懷文善^|0956580274^|Z241687552^|彰化縣田中鎮興酪路１段183號22樓^|121
沈德建^|0910123504^|B111203028^|臺北市士林區永公路17號3樓^|103
林豐賢^|0927857403^|E157437416^|彰化縣竹塘鄉信義街270號10樓^|61
甘馨宜^|0987762305^|F166126089^|嘉義縣溪口鄉田心仔457號24樓^|97
施俊建^|0925211154^|W205740262^|桃園市平鎮區高山下369號24樓^|67
邵勛佳^|0955317525^|D244114585^|臺北市內湖區內湖路２段486號18樓^|101
向可建^|0928228081^|F136624152^|嘉義市西區仁愛二街247號13樓^|110
江俊恩^|0926254001^|L172076585^|高雄市三民區義忠街44號8樓^|88
方佑婉^|0927446406^|K131138235^|臺中市西屯區福安二街217號3樓^|37
謝慶婷^|0968575627^|K181286624^|南投縣埔里鎮樹人三街195號11樓^|94
藍宗耀^|0933504155^|A271050124^|高雄市岡山區本洲二街27號13樓^|56
顧蘋霖^|0938237100^|Z103021558^|花蓮縣吉安鄉華南一路477號8樓^|106
瞿珮逸^|0910212216^|V731517326^|臺中市西屯區工業區四十一路287號10樓^|66
趙群雄^|0922640735^|H237456401^|南投縣名間鄉大埔巷344號12樓^|96
車瑟士^|0934018726^|S145146572^|屏東縣屏東市武盛巷136號12樓^|20
葛士淑^|0912777584^|G115705439^|臺北市中山區龍江路316號^|18
惠偉福^|0913271343^|Q232061588^|高雄市路竹區中興路455號14樓^|6
彭元儀^|0913004322^|L124875367^|花蓮縣花蓮市美工路257號4樓^|77
柳安雯^|0922430676^|I157552336^|臺中市沙鹿區中山路中峰巷376號12樓^|41
酈婷玲^|0936506100^|A163288756^|桃園市桃園區樹林九街163號16樓^|12
林杏茹^|0922656855^|S116744224^|臺中市南區忠明南路333號21樓^|70
侯盈宏^|0926728238^|Y280338443^|宜蘭縣蘇澳鎮蘭陽新村104號3樓^|14
曾雅智^|0918570327^|L275705334^|臺中市東勢區本街鯉魚三巷131號8樓^|82
施玲彥^|0958577660^|U188722354^|新北市深坑區北深路３段318號^|53
湯潔凌^|0955273765^|Z217387801^|臺南市玉井區前園街6號5樓^|119
鍾承博^|0986736437^|Q280670486^|臺中市大雅區中山五路240號21樓^|3
祖宇美^|0916627030^|N200887458^|高雄市旗津區旗津三路120號24樓^|103
朱慧^|0918144753^|Q147358863^|桃園市中壢區日新路283號14樓^|61
高大淑^|0954585404^|Z185131202^|桃園市龍潭區龍華路１段470號14樓^|105
曲劭^|0968531334^|M138453843^|臺中市豐原區水源路29號3樓^|31
束芳紓^|0936723710^|D288580354^|屏東縣鹽埔鄉完成路374號21樓^|64
豐毅^|0935125540^|Y242323411^|彰化縣埔鹽鄉番金路280號12樓^|10
孫睿寧^|0933874345^|T286124477^|新北市三峽區民族街309號21樓^|117
錢輝軒^|0971555050^|I216606488^|屏東縣新埤鄉平山路112號3樓^|50
強博律^|0955413230^|U123325231^|臺南市北區佑民街48號17樓^|20
彭翔^|0919157831^|U102643083^|彰化縣大城鄉北平路194號18樓^|78
安柏傑^|0963765886^|U273872723^|南投縣名間鄉井頭巷422號4樓^|100
連慶杏^|0915244777^|Y178001840^|高雄市茄萣區崎漏三街430號11樓^|111
冷妍心^|0986566714^|X753316609^|新北市新莊區雙鳳路315號10樓^|86
尤婉信^|0918728645^|A265558128^|高雄市前鎮區第四十八號碼頭31號4樓^|67
秦蒨又^|0919703748^|U257261426^|新竹縣湖口鄉美崙社區428號16樓^|100
司徒郁^|0971013223^|Q147675707^|高雄市楠梓區左楠路378號4樓^|100
燕婉彥^|0910540611^|G235252119^|高雄市鳥松區立昌街266號4樓^|83
孫尚偉^|0968088152^|W138332714^|臺北市文山區開元街490號10樓^|90
聶晉函^|0927157373^|K112478705^|宜蘭縣五結鄉中興路１段210號^|61
紀安鈞^|0922845732^|C277460877^|彰化縣和美鎮孝廉路278號15樓^|65
宰冠千^|0932007572^|B164333779^|臺中市龍井區臺灣大道５段2號13樓^|99
公琳至^|0933241153^|K252278843^|臺南市歸仁區民生十二街59巷460號16樓^|97
廖右怡^|0971108662^|T252141633^|高雄市苓雅區光華二路137號2樓^|94
柏詩儒^|0952351700^|V178806380^|桃園市龜山區科技一路281號24樓^|28
舒政潔^|0925632135^|H263201570^|高雄市內門區土庫225號14樓^|63
趙璘鈞^|0937345425^|S246165206^|新北市林口區民有街440號12樓^|14
田儀正^|0911773347^|C154760827^|南投縣仁愛鄉高平路479號3樓^|47
孟豪殷^|0911042258^|K171683059^|臺北市大同區迪化街１段49號10樓^|80
蒙秋景^|0987316873^|E218157506^|新北市三重區長壽街244號7樓^|48
韓萱鉉^|0987240084^|D183264657^|臺中市南屯區三和街334號3樓^|87
祖安誼^|0911368127^|B217505881^|宜蘭縣五結鄉利工三路110號17樓^|3
幸萱宜^|0938867782^|K255532862^|臺中市潭子區嘉豐路173號18樓^|38
周家皇^|0921547704^|A108084563^|臺中市石岡區金順街230號24樓^|38
王耀豪^|0931022772^|M175577302^|雲林縣斗六市文德街487號11樓^|62
顏家俊^|0960372680^|L103640864^|高雄市小港區平和路5號16樓^|14
柏威寬^|0915310575^|L121351619^|新竹縣尖石鄉石磊249號24樓^|41
韓獻鳴^|0986448633^|X286254043^|桃園市平鎮區延平路１段230號17樓^|33
吳登鴻^|0938311341^|Y246085252^|花蓮縣吉安鄉知卡宣大道３段189號14樓^|108
熊閎瑀^|0982482208^|J145048805^|高雄市林園區開南街203號18樓^|92
榮儀宇^|0911711357^|W167812472^|新竹縣竹北市大灣街489號9樓^|109
何思德^|0956164317^|G187164473^|苗栗縣苗栗市忠孝路383號3樓^|71
蔣正汝^|0927237620^|Q107177688^|臺中市北區民權路320號22樓^|18
曾婷建^|0912837255^|V246672343^|彰化縣鹿港鎮泉州街142之1號4樓^|62
舒欣家^|0920635047^|Y157422367^|高雄市楠梓區錦屏街333號15樓^|90
段文芳^|0954121517^|C255047423^|花蓮縣花蓮市國聯三路483號4樓^|82
周燕丹^|0952108113^|L186537260^|彰化縣大村鄉慶安路90號15樓^|83
徐源煌^|0913866386^|Q150200803^|新竹縣寶山鄉新湖路２段45巷43號10樓^|36
尤秀帆^|0927474877^|G256728083^|新北市新莊區福慧路226號24樓^|95
羅珊華^|0911765564^|R288414472^|嘉義市西區大同路211號23樓^|109
松淑惟^|0954440154^|R234583159^|嘉義縣番路鄉坑底374號23樓^|71
駱秉襄^|0938306240^|Q163111182^|高雄市路竹區忠孝路320號5樓^|92
劉昕宏^|0968386170^|B256480145^|新北市新莊區雙鳳路73巷322號6樓^|9
柳儒婷^|0971788663^|U243664473^|雲林縣北港鎮文明路481號18樓^|98
王穎彬^|0935573884^|Q103743800^|桃園市新屋區高洲二街357號11樓^|39
農家嘉^|0937024654^|I268615766^|桃園市龜山區科技二路347號22樓^|111
高宗茹^|0960830355^|R186848718^|苗栗縣頭份市公園六街15號18樓^|112
金涵政^|0986383622^|M288584608^|花蓮縣吉安鄉華興二街34號7樓^|95
洪至萱^|0963447823^|C216188663^|臺南市安南區海佃路１段291號7樓^|101
周文宛^|0925285262^|E206525218^|臺南市安南區海佃路３段42號7樓^|56
洪蘭^|0929423130^|C130303071^|南投縣南投市工業北二路399號19樓^|74
周宛俊^|0982151185^|Z120271105^|桃園市平鎮區龍平路339號19樓^|116
邱湘孟^|0972314066^|M172583424^|桃園市大溪區榮安一村148號19樓^|84
洪瑩芬^|0970321010^|M270621209^|新北市三重區河邊北街291號24樓^|50
從民奇^|0921707310^|E167022810^|新北市中和區錦和路474號3樓^|40
井詩鈞^|0915782875^|D271341703^|雲林縣北港鎮西湖242號11樓^|111
鍾國仁^|0920283785^|R236105082^|臺中市大里區泉水街199號24樓^|21
舒友琤^|0912633341^|W280208585^|花蓮縣花蓮市美工八街345號17樓^|75
周仁宜^|0928072218^|G183635284^|臺中市潭子區中山路２段3號6樓^|9
林璿萱^|0932172424^|Y222477776^|基隆市中山區通仁街117號23樓^|88
白俊樺^|0911284803^|V165328840^|彰化縣田尾鄉裕豐路170號7樓^|114
艾忠子^|0915088247^|N186221143^|嘉義縣民雄鄉裕農一街236號^|9
卓達傑^|0961156487^|Q206241458^|彰化縣伸港鄉建國五街190號15樓^|88
林瑀文^|0911626543^|B115856258^|臺南市中西區大埔街429號18樓^|18
李瑋玲^|0937170482^|N243253572^|屏東縣新園鄉吉興路２段303號^|14
柯和佩^|0934247218^|X104837379^|桃園市大溪區草店尾一橫巷359號12樓^|103
孔任韋^|0961653487^|H246531711^|臺中市豐原區西勢五街98號5樓^|45
郭慧尚^|0914388454^|M220730664^|彰化縣二水鄉頂埔巷168號7樓^|3
高筠錫^|0988510231^|G216343720^|宜蘭縣南澳鄉碧候路自覺巷189號^|56
艾雪儀^|0960334844^|C108714406^|屏東縣長治鄉進源街133號^|91
古鑫燕^|0929756427^|K210337230^|屏東縣高樹鄉東美巷348號19樓^|56
裴盈先^|0911176572^|H243187266^|彰化縣彰化市金馬路２段325號6樓^|25
徐綾雯^|0968462402^|L134670007^|花蓮縣玉里鎮民國路１段227號12樓^|20
程宜興^|0961158350^|F178037828^|臺北市北投區樹林路75號19樓^|74
權禹宣^|0931382363^|F144627407^|臺南市永康區正南五街188號23樓^|23
沈治松^|0935114455^|Z150001344^|高雄市小港區中利街163號6樓^|44
劉源^|0936570611^|K187378363^|臺南市仁德區亞航街352號2樓^|7
曆凱加^|0915163012^|H278250585^|屏東縣滿州鄉港墘路368號13樓^|37
焦彥縈^|0918700667^|M147251268^|宜蘭縣五結鄉復興三路143號20樓^|24
錢詩^|0926614835^|T153855625^|嘉義縣太保市南埤路276號5樓^|76
融勤安^|0935616411^|U165150663^|臺中市霧峰區中正路483號^|61
曹煌奕^|0982425777^|L166645083^|苗栗縣後龍鎮自強街494號15樓^|44
戚嘉薇^|0914316262^|F156274765^|南投縣埔里鎮公誠一街62號20樓^|53
胡達若^|0937024814^|D154427284^|彰化縣二水鄉員集路３段10號20樓^|99
元于瑄^|0916050363^|F174222232^|新竹縣新豐鄉建興路２段203號2樓^|10
沙長瑞^|0986561172^|N115640278^|臺中市北區中華路１段193巷142號17樓^|95
貝哲捷^|0912002361^|Y217427602^|臺中市北區邱厝南巷279之2號^|37
黃雁昶^|0916047173^|Q216603639^|彰化縣伸港鄉大同二街71號22樓^|83
吳妤磊^|0970334082^|R236521755^|嘉義縣民雄鄉光明四街176號19樓^|48
龍竣暐^|0938807334^|P205087717^|桃園市楊梅區中山北路１段236號7樓^|21
尹敬琨^|0933160464^|F225472448^|高雄市鳳山區三誠路100號17樓^|67
胡宜呈^|0910685773^|R108185434^|桃園市八德區營盤327號14樓^|65
阮婷奇^|0927831746^|U270085219^|桃園市楊梅區草湳坡下261號24樓^|74
席振為^|0932531288^|S157223262^|花蓮縣富里鄉公埔路２段242號4樓^|90
陸鴻典^|0935018232^|K127835285^|新北市新莊區中平路227號4樓^|104
酆磊毅^|0956006224^|P277818131^|苗栗縣卓蘭鎮象山148號16樓^|82
馬凱^|0936303806^|T255400451^|宜蘭縣羅東鎮清潭路322號24樓^|71
易嘉志^|0913743885^|Z110014572^|彰化縣彰化市健興路488號5樓^|117
邰佑尚^|0913230744^|W264314775^|高雄市鳳山區海洋二路352號7樓^|112
富翰立^|0931431002^|Z262415225^|臺北市萬華區西寧南路7號20樓^|46
歐陽文家^|0939015441^|Z133513701^|南投縣名間鄉磨坑巷398號24樓^|111
莘淇惠^|0932654261^|D117337178^|桃園市中壢區龍吉三街342號6樓^|66
莫曉美^|0921751068^|A122041819^|臺中市北區五常街251號24樓^|84
李毓學^|0934036764^|X107440305^|彰化縣彰化市實踐路83號5樓^|45
李富奕^|0925434584^|I260724704^|高雄市苓雅區河南路11號11樓^|110
王薇成^|0958010350^|Y183854773^|臺南市麻豆區興南路270號^|97
錢怡如^|0972344182^|W232325888^|花蓮縣壽豐鄉平和路99號10樓^|105
鳳聖妤^|0956086106^|Z162015018^|新竹縣竹東鎮中興路４段87號10樓^|76
喬宗敏^|0961071144^|U184212651^|新竹縣竹北市光明七街65號4樓^|10
夏宏益^|0910651586^|E268717141^|臺中市潭子區吉林三街293號12樓^|49
公冶駿俊^|0920612288^|X211510170^|屏東縣內埔鄉學人路91號21樓^|9
周淳美^|0987770461^|U277408569^|新北市中和區中正路143號11樓^|111
蔣姿鵬^|0914730582^|Y254502280^|雲林縣大埤鄉吉潭162號19樓^|76
松宇志^|0956827678^|J237212517^|苗栗縣後龍鎮龍庄街338號^|97
梁雅穎^|0953288282^|Z120730449^|宜蘭縣冬山鄉鹿梅路227號2樓^|27
宗媚忠^|0929718422^|V176024451^|臺中市霧峰區復興一街335號22樓^|49
林昱文^|0920286781^|B110051520^|高雄市永安區復興路348號16樓^|18
焦香臻^|0913060215^|E171186569^|雲林縣北港鎮文仁路497號9樓^|58
陸瑋亮^|0953346042^|X216172045^|高雄市苓雅區廣東一街321號13樓^|107
阮仁羚^|0968507307^|N252705552^|臺中市東區東義街43號22樓^|108
習文惠^|0914305788^|U256171281^|雲林縣麥寮鄉中華路12號3樓^|94
華郡瑩^|0953155258^|U242746207^|花蓮縣瑞穗鄉北六路477號13樓^|39
雷冠雅^|0913233737^|J121774442^|臺北市萬華區西園路１段150號17樓^|68
柯豐芳^|0938872863^|B710212703^|桃園市桃園區民富十六街277號8樓^|91
孔曉瑜^|0927023005^|N278675504^|苗栗縣苗栗市鐵路二村369號24樓^|9
黎君英^|0919823514^|W111067512^|臺北市大安區泰順街11號9樓^|47
張雁陽^|0956621881^|S106432851^|臺南市永康區忠勇街95號10樓^|81
廣承偉^|0934006012^|N207366381^|雲林縣土庫鎮光復路388號21樓^|23
薊淑韋^|0955637286^|K273013208^|屏東縣內埔鄉長青巷436號11樓^|96
施堂福^|0931534536^|V284032558^|臺南市永康區大勇路285號3樓^|75
方俊禹^|0960325310^|A260724239^|臺中市豐原區豐東路382號9樓^|77
白逸自^|0930506878^|S126837610^|宜蘭縣宜蘭市東園路219號21樓^|107
鍾青珮^|0986437821^|Z178365083^|新北市三峽區民族街408號8樓^|73
盧仁^|0970400037^|J267788328^|花蓮縣花蓮市中山路25號6樓^|88
杜偉貴^|0972278507^|Y238875822^|南投縣埔里鎮中正三路145號7樓^|16
朱姍齡^|0958273046^|Y273387776^|新北市蘆洲區民族路422巷82弄261號9樓^|90
畢明^|0937318075^|M746343143^|臺中市西屯區福星北路179號9樓^|15
戴宣^|0955388723^|X284355350^|苗栗縣苗栗市中華路435號17樓^|7
魯貽宇^|0986770818^|Q272351178^|臺北市松山區光復南路32巷305號23樓^|8
許貞維^|0927601470^|N104612400^|臺南市永康區中正七街342號12樓^|87
陽婷伯^|0931041108^|D224837318^|澎湖縣馬公市西文澳144號19樓^|54
艾雅宜^|0916307717^|F116247373^|屏東縣萬丹鄉萬壽路２段31號3樓^|15
鍾誠郁^|0963062222^|X266723627^|臺中市霧峰區峰北路466號24樓^|16
潘杰忠^|0924708035^|R125717814^|新北市新莊區中華路２段496號16樓^|117
盧君姿^|0931240283^|B162520265^|彰化縣二林鎮建興街141號2樓^|26
施和麟^|0972314555^|T121385014^|桃園市觀音區長安路444號8樓^|74
洪倚文^|0960363832^|T102840027^|南投縣竹山鎮雲林路365之3號23樓^|27
孫玲綺^|0960101131^|S267462755^|新竹市香山區芝柏一街182號7樓^|66
古恩信^|0928502274^|U274554215^|桃園市桃園區春日路487號23樓^|52
權燁晨^|0912135675^|F208534609^|臺南市南區中華南路１段477號22樓^|61
宋雯^|0928507042^|S258642647^|新北市汐止區福德一路261號6樓^|105
宋佑鍾^|0937283425^|Z261114238^|桃園市中壢區南北三街14號10樓^|14
丁筠仁^|0971256837^|R272108570^|高雄市三民區河北二路468號12樓^|88
王怡嘉^|0935663264^|N268846466^|桃園市平鎮區星友街90號12樓^|71
華筱文^|0952243127^|X187040336^|臺中市西區臺灣大道２段91號16樓^|50
陳翰玉^|0927178701^|G176508334^|高雄市新興區中山一路335號21樓^|32
懷淑^|0916018134^|W151637178^|彰化縣溪州鄉前巷328號22樓^|65
徐亭君^|0921663764^|H221126152^|臺中市太平區長億二街419號24樓^|117
卓翔冠^|0914075500^|D282466800^|臺南市安南區樂安一街193號20樓^|27
江志宏^|0913732221^|L112164162^|臺中市龍井區東海街239號12樓^|112
邱泠珮^|0961301361^|J275138663^|高雄市仁武區仁怡街19號^|89
周正訓^|0933721363^|Y232301127^|桃園市中壢區民權路３段75巷298號4樓^|59
宋鶴祥^|0970815240^|A231687227^|臺北市中正區衡陽路235號13樓^|42
相仙元^|0926727873^|F206100132^|嘉義縣布袋鎮新北二街132號^|80
宗政秀丞^|0933038418^|K250226127^|桃園市楊梅區青年路419號22樓^|117
林歆自^|0915234882^|S177102353^|嘉義縣竹崎鄉頂蘇191號9樓^|12
江蓁玟^|0953778654^|I177513700^|宜蘭縣員山鄉賢德路２段104號8樓^|86
邢宜^|0922058518^|B245516821^|新北市新店區梅花一路398號10樓^|43
庾倫艾^|0933846157^|M230601009^|嘉義縣民雄鄉長榮街434號9樓^|20
崔翔勇^|0958035476^|P252351644^|臺南市中西區民族路３段474號12樓^|53
白怡安^|0982111773^|T264373127^|桃園市八德區仁德路77巷372號14樓^|43
孫文化^|0914216782^|X232413121^|臺北市大同區民生西路101號5樓^|76
馬亭雯^|0914731221^|A241843675^|雲林縣斗六市平和街386號19樓^|57
宋彥琇^|0923320767^|R245508742^|臺北市萬華區廣州街332號12樓^|75
許志倬^|0922705472^|X145251419^|桃園市蘆竹區長興路１段287號13樓^|72
顏芳銓^|0971403861^|P145137650^|臺南市東山區格仔埔95號18樓^|120
吳凱長^|0922237780^|K204783520^|高雄市左營區重孝路294號24樓^|70
齊婷憶^|0920137352^|M241704002^|臺東縣鹿野鄉同興路386號16樓^|80
慕嫻^|0920601461^|T263740366^|臺中市大甲區雁門路184號17樓^|121
趙若甫^|0954555478^|N182865345^|臺中市西區英才路478號3樓^|56
柏琴光^|0971082842^|S163202288^|南投縣南投市復興路一街79號24樓^|29
昌志蓉^|0924110860^|D110768184^|屏東縣枋寮鄉僑德路266號23樓^|31
董琬勳^|0920307338^|P227513243^|臺中市南屯區大進街439號12樓^|97
陳祈志^|0929062546^|H183457709^|金門縣金城鎮西海路３段124號7樓^|82
蔣筱純^|0926271123^|L182054439^|新北市三重區自強路４段87號10樓^|51
畢雯宗^|0986146560^|H284764563^|臺南市七股區看坪16號6樓^|61
蔣宗淵^|0938221822^|U288642442^|高雄市路竹區大社路460號16樓^|25
吳瑞永^|0939881268^|H220811330^|高雄市燕巢區大占巷498號5樓^|96
賴慈^|0954321722^|J132215034^|臺南市左鎮區光和377號9樓^|14
熊毓智^|0954671464^|Y160224133^|高雄市鳳山區工協新村492號18樓^|115
康涵青^|0928820628^|I153455756^|新竹市北區四維路21巷202號12樓^|50
劉芳安^|0961383430^|M175445850^|臺北市中正區水源路296號21樓^|13
詹靖諺^|0931423682^|V245811355^|臺中市南屯區三民西路２段58號18樓^|115
金敏榮^|0955686563^|G177336154^|屏東縣內埔鄉中清巷66號2樓^|111
郭瑞臻^|0915346475^|Y150302862^|高雄市美濃區精忠新村186號21樓^|76
洪安嘉^|0914617758^|W262816418^|臺中市梧棲區民生街362號23樓^|63
孫茹正^|0928318865^|Q288135153^|臺中市西屯區西屯路２段上石北三巷214號22樓^|51
酆輝琪^|0925728557^|M264587027^|屏東縣屏東市古松西巷3弄438號12樓^|31
車銘綺^|0923012118^|C247783223^|臺南市中西區府中街98巷241號9樓^|120
陳怡傑^|0931862128^|L257011517^|臺南市白河區中興街192號8樓^|74
顧如怡^|0916118585^|J170380718^|新北市板橋區田單街175號6樓^|25
馬宇青^|0922747865^|J122200610^|新北市三峽區光明路80號4樓^|6
郭升威^|0915442487^|P263347352^|桃園市中壢區龍文一街6號18樓^|78
馬恕穎^|0968251218^|D138700037^|彰化縣員林市惠明街164號17樓^|3
昌冠豪^|0926653772^|S106058471^|嘉義縣布袋鎮大寮391號5樓^|118
蔡凱珊^|0925567544^|G148133201^|嘉義縣朴子市大槺榔186號7樓^|28
趙勁誌^|0953200778^|T153811347^|桃園市楊梅區中山南路421號4樓^|13
蒙州珮^|0986605325^|C270663469^|高雄市田寮區公館364號5樓^|88
莊宇^|0954618524^|E244166419^|臺南市學甲區南興街354號9樓^|97
趙煜雯^|0968852737^|K231817484^|基隆市七堵區明德一路10號10樓^|50
岑萱隆^|0927622655^|H278168144^|臺中市北屯區貿易北三巷33號8樓^|66
桑怡偉^|0930481758^|P275734016^|高雄市鳳山區南華路418號8樓^|19
洪文臻^|0920031541^|V146532771^|嘉義縣中埔鄉後庄279號22樓^|43
林欣欽^|0982045627^|B217335227^|新北市板橋區溪城路217號9樓^|18
王瑜均^|0936704222^|H221231354^|高雄市前鎮區黃埔街358號12樓^|100
石昕豪^|0956433266^|L244736514^|基隆市中正區信四路36號21樓^|60
張建仁^|0939758786^|E123546184^|嘉義市西區漢口路236號16樓^|16
張珀文^|0924685376^|H167372265^|新竹縣湖口鄉八德路１段271號20樓^|14
戴暉崇^|0919643225^|C188004687^|屏東縣長治鄉忠孝二巷348號23樓^|115
孫福重^|0933047636^|E230187302^|彰化縣二林鎮合和巷305號3樓^|45
孫秋鵬^|0917711566^|J127814776^|屏東縣琉球鄉和平路249號4樓^|3
柯宙榆^|0935837025^|K160836508^|高雄市大寮區景美街270號6樓^|44
舒孝^|0970021418^|E141147741^|高雄市鳳山區瑞興路186號^|92
關妘雅^|0911364476^|V212425741^|彰化縣員林市民權街296號18樓^|89
溫文翊^|0939578184^|E164517518^|新竹縣竹東鎮北岸240號23樓^|24
池惠汶^|0930412076^|N100115651^|新北市新莊區中義街333號10樓^|11
張仲宇^|0933048077^|Z147172423^|新北市鶯歌區中正一路365號9樓^|103
翁良彥^|0986148444^|K162564729^|臺中市南屯區五權五街16號21樓^|77
沈孝吟^|0956033227^|Y166456719^|彰化縣鹿港鎮景福巷82號^|87
田法婉^|0953577336^|X238433663^|高雄市六龜區民治路431號19樓^|63
柯婷豪^|0914076316^|C106737250^|新北市土城區延吉街208號22樓^|116
關婷佩^|0938848184^|C234683545^|高雄市前金區自強一路227號10樓^|107
曾芳^|0917376205^|E173152856^|臺中市梧棲區東建路248號24樓^|9
劉書^|0927583284^|R150174854^|彰化縣和美鎮友東路498號16樓^|4
戴方冠^|0960146405^|Q160733042^|苗栗縣卓蘭鎮光明路96號9樓^|12
馬惠惠^|0930083373^|G145338642^|新北市新莊區民樂街65巷497號^|75
杜秋^|0926248233^|G121147345^|彰化縣溪州鄉土角巷128號7樓^|74
方恬亭^|0971863713^|I120576179^|新北市三重區仁愛街22號12樓^|18
吳諺佳^|0935627116^|L248266308^|臺中市清水區民安路182號22樓^|56
廖珍順^|0972512337^|M245761754^|新北市新莊區福慧路447號9樓^|26
高明哲^|0931662200^|G225276134^|新北市雙溪區過溪141號3樓^|10
公韶芝^|0972783747^|C203251255^|屏東縣內埔鄉大同路５段149號10樓^|8
王雅玫^|0929741780^|S266586738^|嘉義市東區潭頂路22號22樓^|100
蔡嘉安^|0931001478^|X268878545^|桃園市蘆竹區新南路１段66號14樓^|50
卓偉嶔^|0956768077^|G148766282^|嘉義縣水上鄉市政街158號7樓^|85
蔣信斌^|0968553314^|G152156061^|高雄市左營區世運大道358號5樓^|45
蒼蓉允^|0929278753^|W256540261^|苗栗縣苗栗市博愛街194號23樓^|49
龐靜美^|0923628741^|J212084348^|新北市雙溪區魚杭418號16樓^|10
黎雯婉^|0918580841^|N188678015^|雲林縣元長鄉南和路38號18樓^|39
陽心育^|0982834704^|Q207445003^|臺北市士林區東山路251號2樓^|61
酆艾峻^|0928441601^|B167468608^|基隆市信義區東信路155號7樓^|114
蕭誼晨^|0982168124^|T185873817^|彰化縣彰化市彰南路４段82號4樓^|110
顏瑋貞^|0927401750^|Y141401530^|屏東縣鹽埔鄉鹽北路57號9樓^|22
于佐豐^|0915281800^|R235165262^|苗栗縣銅鑼鄉新興路241號15樓^|38
楊雯喬^|0968325323^|V160555187^|高雄市鳥松區中正路477號15樓^|107
淩正証^|0955572162^|V233511242^|臺東縣太麻里鄉太峰路138號8樓^|97
賀盈湘^|0961518601^|Q288750472^|桃園市八德區忠勇街396號10樓^|74
江群凱^|0927608142^|I224670812^|臺中市中區中正路401巷376號11樓^|86
周駿志^|0933775432^|N157203113^|宜蘭縣頭城鎮宜三路１段351號4樓^|116
洪興慧^|0960432054^|K128388043^|臺中市西區精誠路355號18樓^|89
馬岳^|0954112120^|P214823785^|新北市金山區忠孝一路344號19樓^|110
馬昱雅^|0910133218^|G280680430^|高雄市小港區桂竹街120號5樓^|25
葛明烜^|0915243513^|V154727202^|臺南市北區中華北路１段281號7樓^|3
農茹博^|0916173274^|U217052667^|臺北市南港區福德街310巷9弄343號^|35
辛士家^|0929382825^|S281320129^|南投縣南投市仁德路442號10樓^|81
簡品淑^|0955331818^|N137150479^|新北市中和區華安街251號11樓^|19
文鳴宣^|0953210834^|F171143716^|彰化縣竹塘鄉光明路新庄巷72號17樓^|42
簡淑瑞^|0918106653^|X265483777^|臺中市北屯區景美巷356號11樓^|109
錢品育^|0986185388^|W237400153^|高雄市鹽埕區大智路7號11樓^|47
束子雅^|0917266625^|J128688716^|高雄市鳳山區福安二街393號20樓^|79
張年皓^|0988617355^|G144606150^|屏東縣東港鎮大利路３段180號23樓^|25
林秉宇^|0955384454^|S204306369^|高雄市岡山區頂紅街103號3樓^|49
裴妤^|0915263454^|L256428116^|高雄市鳳山區東福街477號3樓^|77
汪家中^|0917262853^|F204231358^|宜蘭縣蘇澳鎮和平路62號10樓^|69
莫永其^|0963547006^|U170386380^|新北市淡水區沙崙路85號22樓^|18
雷榕怡^|0929874733^|G123574813^|桃園市八德區福德二街97號3樓^|115
馮佳慧^|0956342087^|F157757861^|嘉義縣中埔鄉竹圍仔433號^|50
劉玉瓊^|0931034542^|I281117450^|南投縣鹿谷鄉外城巷363號23樓^|38
嚴家澤^|0952566308^|V152885569^|南投縣埔里鎮梅村路473號18樓^|26
林思霈^|0935272821^|H127848566^|彰化縣彰化市水尾一路492號8樓^|42
張冠聰^|0938652574^|W232102287^|高雄市仁武區文教一街297號22樓^|95
郭茹筑^|0928813524^|G275556801^|新竹縣關西鎮光明路303號10樓^|12
簡嘉玟^|0928738008^|R234313808^|宜蘭縣冬山鄉寶圳路149號3樓^|112
孫璇益^|0924503835^|B184173751^|臺中市豐原區南陽一街382號15樓^|27
梁飛哲^|0931227364^|H221124121^|桃園市大園區國際路１段210號17樓^|68
竺堯美^|0938703887^|T238611343^|屏東縣屏東市自由路138號24樓^|18
詹村芬^|0960738510^|C160232754^|新竹縣新豐鄉新庄子206號8樓^|18
蔡恩雍^|0972840023^|W142220343^|臺南市玉井區中正路278號2樓^|54
陸珍承^|0922727728^|K180268319^|臺中市太平區宜昌路227號2樓^|27
盛書巧^|0933187443^|X223585034^|臺南市玉井區中山路474號6樓^|102
謝翔^|0916004007^|U155706288^|臺南市仁德區長興路40號15樓^|35
吳豪郁^|0953773311^|I156384656^|高雄市仁武區澄觀路26號21樓^|118
吳汝子^|0988185407^|R213726261^|新竹縣新埔鎮義民路２段125號^|92
蔡文翰^|0987225138^|D214186788^|臺南市鹽水區和平路26號5樓^|38
東泓兆^|0937253422^|X132805065^|彰化縣秀水鄉彰水路１段275號8樓^|95
傅晏仰^|0915858387^|F287075169^|桃園市蘆竹區南崁路174號11樓^|37
嚴錡友^|0935775217^|R175686686^|臺中市龍井區臺灣大道６段465號21樓^|51
莘德芳^|0968231422^|K161844086^|臺南市山上區中坑496號15樓^|14
馮婉雄^|0916788320^|K228432717^|雲林縣北港鎮新興市場28號12樓^|26
孫專鈴^|0987572687^|P114705824^|嘉義縣太保市新安三街33號17樓^|91
莊淑繼^|0917075088^|W128376311^|臺南市新營區進修街410號20樓^|64
李佑品^|0919852041^|Q244708630^|彰化縣溪湖鎮榕樹路412號23樓^|118
孫秉芳^|0955878605^|V134172407^|高雄市鳥松區美山路213號19樓^|118
張松君^|0982535832^|A101830763^|桃園市蘆竹區建新街486號23樓^|24
壽霖佑^|0919255223^|N148133617^|彰化縣和美鎮彰美路５段24號23樓^|92
吳勳琪^|0927656277^|D148853401^|彰化縣埔心鄉羅厝路３段20號16樓^|12
祝芳^|0939147645^|K170201768^|臺南市安定區新吉120號13樓^|9
紀純錚^|0953872800^|P275840322^|雲林縣西螺鎮河南107號3樓^|95
郭慧涵^|0918322050^|H162400648^|花蓮縣光復鄉武昌街415號10樓^|53
景惠天^|0953718548^|X225375189^|屏東縣屏東市潭墘289號15樓^|34
謝圳凱^|0910728028^|E282358573^|桃園市龜山區大湖110號8樓^|15
楊廷榮^|0910787665^|H247555073^|花蓮縣花蓮市有恆街237號^|110
劉嘉耀^|0924126386^|H120646662^|苗栗縣苗栗市龍川253號3樓^|82
莊傳霈^|0930600623^|I285707736^|宜蘭縣冬山鄉鹿安路191號6樓^|65
胡儒衡^|0919303174^|G215674315^|高雄市前鎮區第五十號碼頭60號22樓^|25
傅人資^|0961077615^|E287071124^|桃園市中壢區三樂一街422號20樓^|16
束甄家^|0960150577^|A128550700^|新北市土城區勝利街164號18樓^|61
高兒惠^|0982170510^|Z285167106^|彰化縣北斗鎮西德街442號2樓^|117
張雅芬^|0914448015^|S243450280^|嘉義縣番路鄉枋寮後10號^|36
黃瑛君^|0937423784^|W173345535^|苗栗縣西湖鄉高埔77號6樓^|50
遊淇萍^|0914431585^|R257724881^|桃園市桃園區樹林八街418號15樓^|118
燕陵妤^|0918238451^|B126020200^|南投縣名間鄉南田路482號22樓^|25
陳安泰^|0952473384^|Z214227380^|高雄市前鎮區黃埔街390號11樓^|114
周哲偉^|0930434272^|M104416443^|臺北市萬華區永福街310號4樓^|68
鄭怡強^|0987612486^|R100058467^|新北市三重區重陽路４段194號16樓^|34
陳宇明^|0970283425^|A237330021^|臺中市梧棲區四維西路163號9樓^|102
翁城衛^|0917123265^|K224851270^|高雄市湖內區寧靖街420號20樓^|42
桂依萍^|0933620678^|A106471737^|高雄市鳳山區青年路１段235號11樓^|118
曹俞丰^|0911721650^|D154738568^|桃園市楊梅區富豐一路109號18樓^|74
張庭卿^|0930626707^|H227027587^|花蓮縣花蓮市國民八街320號17樓^|94
戴敬紹^|0910060656^|W225373678^|桃園市楊梅區新梅二街366號15樓^|64
瞿宇蓮^|0925863617^|B145765171^|雲林縣虎尾鎮光復路218號17樓^|119
盧庭筱^|0932880283^|Y148066824^|新北市淡水區馬偕街109號21樓^|90
聶月敏^|0968276277^|Y171105765^|臺北市信義區忠孝東路５段524巷50號4樓^|53
羊煌欣^|0924256620^|R104743314^|花蓮縣鳳林鎮大榮二路488號9樓^|50
莊淇烽^|0952828547^|E246358666^|苗栗縣後龍鎮龍鳳新村388號20樓^|103
康億威^|0911726320^|Q276803520^|高雄市小港區福德西巷351號20樓^|24
蒲佳寧^|0911384755^|D201012751^|臺南市安南區館前四路417號8樓^|93
杭妙良^|0954222886^|R278144383^|臺北市大安區安和路２段171巷421號14樓^|86
黎穎豐^|0935707220^|C207847257^|新竹市東區經國路１段483號24樓^|105
黎順行^|0913116482^|D213086261^|桃園市大溪區承恩路253號5樓^|41
慕村俊^|0932523843^|L101688866^|嘉義縣東石鄉黎明八路249號24樓^|29
皮潔乾^|0926811135^|T258757153^|臺中市烏日區五光路197號2樓^|47
喬昱瑋^|0917016233^|D165258633^|苗栗縣頭份市信義路378號8樓^|6
武翰龍^|0918821432^|S186160729^|桃園市大園區仁愛二街169號17樓^|31
宋銘啟^|0930180130^|Q246278340^|臺南市佳里區祥和二街19號7樓^|67
傅功儷^|0920455322^|P164418152^|新北市板橋區文化路２段331號17樓^|34
周揚立^|0961214321^|L235008776^|高雄市左營區富國路394號24樓^|25
簡旺喻^|0925232085^|U166472079^|臺中市西區美村路１段62號12樓^|77
孫安賢^|0972285314^|E133267289^|高雄市前鎮區后南街36號17樓^|16
梁婷嵐^|0986514571^|Z152260743^|宜蘭縣頭城鎮內大溪路337號15樓^|98
戴靜采^|0934165678^|T248448585^|新北市中和區華新街459號11樓^|31
柯行慶^|0934123251^|Y181456831^|高雄市旗津區南汕巷433號23樓^|8
盧晉寬^|0925300524^|Q137770008^|苗栗縣後龍鎮成功路44號4樓^|53
魯嘉鴻^|0988725501^|Y213735532^|臺南市東區崇德二十四街218號16樓^|50
陳家綾^|0934560385^|B202126663^|臺中市西屯區永福路146號21樓^|71
簡春珮^|0937050708^|E182241124^|苗栗縣銅鑼鄉民權路421號8樓^|22
蔣仕緯^|0988388540^|D103876340^|臺北市萬華區中華路１段425號12樓^|84
詹隆冠^|0930771670^|E145508473^|臺中市新社區大排48號20樓^|87
童明荻^|0961484232^|P112312063^|臺北市中正區開封街１段225號11樓^|93
孫媜浚^|0938204822^|A112311582^|彰化縣伸港鄉文工五街99號^|120
王玉^|0915406084^|M101388728^|花蓮縣富里鄉永豐村復興8號9樓^|120
卓杭涵^|0987028310^|P214831625^|雲林縣水林鄉勝利街179號24樓^|86
楊珈^|0971707768^|F284545253^|桃園市龍潭區淮子埔一路283號5樓^|82
韓佳煌^|0926503877^|C175756332^|彰化縣和美鎮愛新路319號8樓^|113
馬綺程^|0917280516^|W100202774^|臺中市烏日區福泰街278號19樓^|113
金彤堯^|0926277826^|V280344806^|屏東縣麟洛鄉中正路西北巷415號21樓^|57
柯鈺平^|0937485527^|N248724754^|雲林縣東勢鄉東勢東路203號20樓^|44
沈媛敬^|0958186711^|F241640777^|苗栗縣頭份市大成街223號16樓^|99
孫慧翰^|0952114022^|A274075776^|臺中市東區龍安街107號21樓^|69
陳聰宗^|0955841805^|X286873360^|臺中市大里區仁化路254號5樓^|13
武鳳^|0934260154^|V156746741^|臺北市松山區寶清街31號6樓^|103
包經孟^|0931006041^|I114385573^|臺北市中山區農安街31號7樓^|96
蘇順惠^|0937133858^|S183482764^|桃園市楊梅區獅一路14號13樓^|61
施歆蓉^|0970233055^|F187032751^|高雄市旗山區武鹿巷151號23樓^|46
程中霖^|0961117445^|I226711263^|臺中市南屯區永春東路411號17樓^|82
楊民彥^|0920010150^|N172140251^|南投縣草屯鎮中正路82號13樓^|75
陶傑家^|0928418670^|U135236847^|臺北市萬華區西園路２段138號11樓^|6
裘福玲^|0986127570^|R204602114^|新竹縣竹北市中華路明新巷291號3樓^|105
黃霈俊^|0913838718^|H161851650^|宜蘭縣頭城鎮拔雅路72號13樓^|40
項煒^|0910845208^|P160855864^|臺中市神岡區陽東營區勇七路76號22樓^|100
孫柏孟^|0919652160^|R256588489^|臺南市關廟區保東二街404號24樓^|12
謝君^|0917368223^|G224113012^|桃園市龜山區公園路457號8樓^|71
魏強佳^|0956024503^|J270121882^|桃園市龜山區忠義路２段415號23樓^|88
桑揚如^|0915588650^|L164607549^|高雄市仁武區仁忠七街313號12樓^|73
黎盈萱^|0963303735^|T128802250^|高雄市茄萣區茄萣路２段456號5樓^|121
葛明帆^|0971263401^|H213861731^|臺中市南屯區嶺東路112號15樓^|79
陸政蓉^|0911828223^|G182814049^|高雄市鳳山區保南一路99號^|73
鄭玉聖^|0931436303^|G166366735^|桃園市中壢區青雲路39號2樓^|46
苗久^|0916628546^|A288378422^|桃園市龍潭區佳安路98號24樓^|82
雙維維^|0915083006^|L270164673^|花蓮縣鳳林鎮新生街248號7樓^|75
葉國儒^|0920137826^|M177285129^|高雄市大社區翠屏路33號20樓^|15
劉資盈^|0929501646^|C165068530^|彰化縣和美鎮孝順路471號9樓^|2
蘇美傑^|0913446253^|V138471054^|新北市中和區民生街484號2樓^|115
歐芳達^|0925352281^|U124137253^|桃園市平鎮區東勢里東勢222號8樓^|105
龔安韻^|0938723254^|N183712870^|桃園市大園區工五路45號11樓^|95
謝玟倫^|0924278728^|J184870734^|桃園市大溪區仁美一街400號5樓^|24
武佩緯^|0955386583^|E126641864^|臺中市清水區東山路新興巷165號5樓^|9
黨怡雯^|0932624381^|R248157701^|花蓮縣壽豐鄉池南路１段414號15樓^|5
梁瑞妮^|0937067600^|H140432146^|桃園市八德區國豐五街285號13樓^|56
束珊令^|0926657356^|E232056766^|臺中市大甲區鎮政路117號^|73
林政郁^|0933877325^|G145880463^|桃園市桃園區桃鶯路417號18樓^|121
酆文榕^|0954625880^|I285427877^|高雄市三民區十全一路94號19樓^|87
孫華羽^|0937664254^|E176672506^|桃園市大園區仁德路268號2樓^|49
衛書瑞^|0936533387^|W272440462^|彰化縣彰化市福成街304號5樓^|18
紀姿隆^|0911446034^|D170386457^|高雄市三民區仁愛一巷355號13樓^|22
景慶尤^|0914447682^|H105335873^|宜蘭縣冬山鄉永和路123號11樓^|63
林湘羿^|0924435211^|H244861681^|臺南市南區公英四街112號13樓^|40
貝舒佩^|0953645447^|Y265662724^|苗栗縣三灣鄉小銅鑼圈292號13樓^|83
景文琳^|0919231480^|Y213744068^|苗栗縣銅鑼鄉新興路171之1號16樓^|77
李彥婷^|0917521036^|Z125566752^|臺中市梧棲區臺灣大道８段485號16樓^|16
盧妙銘^|0956447725^|B157751721^|高雄市楠梓區旗楠路長安巷308號14樓^|15
謝婷志^|0986157228^|J124522244^|彰化縣員林市惠農路365號9樓^|4
解倫蓉^|0938326537^|Y176750653^|臺中市北區錦新街262號4樓^|76
林芸佑^|0939148652^|K254110577^|雲林縣斗六市萬年東路476號21樓^|109
蕭育源^|0939270026^|G224076452^|高雄市左營區天祥二路61巷169號5樓^|31
葛惠怡^|0961558730^|Y241327157^|高雄市前鎮區鎮國路268號18樓^|102
伏彥丞^|0968157055^|I205317309^|臺南市白河區火山478號24樓^|106
桂榮昱^|0972747804^|M251670228^|臺中市大里區成功路5號7樓^|97
趙欣蓁^|0960716643^|Y266043545^|臺北市大同區環河北路２段7號6樓^|90
楊建^|0927305574^|A177762452^|南投縣草屯鎮溪南路247號11樓^|114
井冠臺^|0986460360^|I180024276^|宜蘭縣南澳鄉新溪路溫泉巷21號7樓^|55
蘇鐘輔^|0958542261^|S237150475^|桃園市中壢區民族路165號23樓^|16
車晏孟^|0928533085^|B178505532^|花蓮縣吉安鄉慶南一街487號17樓^|75
羅瑩文^|0911315731^|R124046763^|臺中市西屯區惠來路３段468號9樓^|23
吳文萱^|0914687368^|E184681859^|臺中市大里區德昌一街346號24樓^|13
邵弘坤^|0930384483^|W243512806^|臺中市東區樂業南路349號12樓^|59
鍾育濤^|0988758807^|B235746611^|臺北市內湖區東湖路119巷77號20樓^|86
唐青炎^|0925408312^|Q178018554^|臺東縣達仁鄉復興路295號13樓^|75
伊安婷^|0972746136^|T267775463^|苗栗縣苗栗市維祥街楊屋196號17樓^|74
宋輝怜^|0937077516^|C112055858^|屏東縣長治鄉文學街45巷325號24樓^|24
陽玉啟^|0970740577^|V106707338^|桃園市中壢區中華路１段36巷479號4樓^|119
錢鴻佳^|0912363872^|X260018547^|屏東縣內埔鄉廣濟路159號23樓^|101
明祥瓊^|0968370446^|A186034283^|彰化縣芳苑鄉三成路49號6樓^|97
沙梅閔^|0933568611^|D224545235^|新北市中和區興南路２段90號16樓^|102
施雯姵^|0930463566^|F150563156^|桃園市龜山區山鶯路文華巷450號21樓^|83
戴郁^|0914804284^|E206487820^|臺東縣鹿野鄉湖底路98號23樓^|43
梁漪穎^|0970165246^|Q250126528^|彰化縣二林鎮泉西巷449號15樓^|97
曾婷暐^|0953413880^|K268816475^|臺南市歸仁區大武路２段441號14樓^|16
田燕孟^|0956668573^|M221575738^|嘉義縣水上鄉建國四村304號16樓^|26
束哲宏^|0935866560^|J165235359^|臺東縣卑南鄉太平路128號3樓^|113
石忠如^|0953267475^|N184676702^|新北市雙溪區新基北街292號6樓^|7
趙冠堯^|0930886652^|X135000179^|屏東縣竹田鄉潮州路152號14樓^|11
謝然明^|0963882738^|A270776807^|桃園市中壢區上內壢484號11樓^|35
陳文式^|0931247232^|R288631124^|高雄市田寮區西德路糖廠巷324號7樓^|25
徐芊芳^|0937781351^|G272524316^|臺中市大雅區民族街一四七北一巷452號12樓^|77
崔孟芳^|0930627462^|E101537430^|花蓮縣花蓮市重慶路24號11樓^|69
葉明翰^|0924841025^|E260477373^|臺南市仁德區保學路421號13樓^|46
簡傑智^|0955636878^|X164063484^|彰化縣員林市員東路２段仁愛巷43號6樓^|40
倪民詠^|0986213024^|F148380503^|高雄市左營區明華一路343號10樓^|22
柯倫蓉^|0936807378^|A120383216^|臺中市大雅區中山五路390號16樓^|117
曾立傳^|0915700068^|R223875173^|苗栗縣三灣鄉祭山湖450號17樓^|107
蘇翎婷^|0930130744^|B162648811^|花蓮縣玉里鎮溫泉168號24樓^|41
洪根樺^|0914516232^|H143741562^|新北市新店區寶高路294號^|26
高樟涵^|0963031803^|T100234665^|花蓮縣玉里鎮更生路470號16樓^|88
蕭智千^|0970501157^|C108014278^|臺北市北投區中和街錫安巷169號9樓^|43
秦潔^|0955316465^|M147687777^|新竹縣竹東鎮工業一路314號11樓^|13
王明瓊^|0960165245^|P278204113^|高雄市三民區三德西街456號5樓^|49
褚佑志^|0929004150^|A226507516^|高雄市左營區埤子頭街36號9樓^|30
簡培萱^|0987146454^|L202412224^|桃園市楊梅區新富九街34號22樓^|101
于世宸^|0910668303^|K131543674^|嘉義市西區世賢路３段376號2樓^|121
習嘉威^|0939453020^|G265242345^|臺中市沙鹿區晉武路184號5樓^|104
燕強士^|0982272577^|L262465769^|臺中市太平區中山路１段164號11樓^|94
冷育旋^|0915061247^|K123334358^|高雄市鳳山區興隆街169號16樓^|50
諸茹漢^|0933572824^|Y218445140^|彰化縣埤頭鄉十號路285號4樓^|88
古傑錕^|0970768070^|W275411329^|新北市永和區民樂街348號12樓^|120
燕思晏^|0918812166^|D208570327^|臺南市麻豆區新生北路97號17樓^|86
昌柏巧^|0910405837^|N104274553^|臺中市南屯區文心南五路１段279號9樓^|73
葛瑜彥^|0953372483^|Q105712563^|新北市永和區博愛街78號21樓^|26
雙涵姵^|0963210418^|W253237409^|臺北市文山區羅斯福路６段142巷101號5樓^|10
于銘明^|0972672224^|Z276264487^|彰化縣田尾鄉民生路１段195號11樓^|88
魚慧芃^|0982136324^|I155281076^|臺中市大雅區雅秀三路163號3樓^|37
姚瑋慧^|0937507267^|H106480073^|新竹縣竹東鎮中興路４段262號16樓^|22
燕豪賀^|0986712361^|S244863718^|高雄市鳳山區福誠二街488號20樓^|88
溫佑琬^|0929254807^|A225331821^|雲林縣虎尾鎮科園路299號10樓^|57
孫昀佩^|0927168208^|S133583636^|苗栗縣頭份市寶樹別莊329號19樓^|65
朱鴻玲^|0933881658^|J273460242^|花蓮縣秀林鄉華綠溪441號24樓^|88
葛芳柏^|0988615683^|W243368139^|苗栗縣大湖鄉文化街24號3樓^|22
雷涵鈺^|0923036322^|T151013870^|南投縣草屯鎮玉屏路長福巷11號17樓^|108
戴倫儀^|0971014218^|J134320010^|苗栗縣三義鄉鯉魚口18號24樓^|56
吳華君^|0931806371^|S113434169^|宜蘭縣頭城鎮北宜路１段1巷2號12樓^|104
蔣瑩祥^|0986841574^|K288140016^|嘉義縣溪口鄉頂坪201號2樓^|40
簡庭瓊^|0910443816^|Q125534538^|臺南市關廟區北安一街259號21樓^|53
莊立文^|0960054200^|Z264567526^|臺中市大甲區中山路１段1147巷448號22樓^|59
盧藝英^|0968548652^|P157505239^|桃園市桃園區龍城七街21號^|68
潘逸鈞^|0963817671^|Y180632855^|桃園市中壢區自由街333號8樓^|99
李道建^|0963654546^|H228625210^|桃園市平鎮區賦梅路２段45號16樓^|26
周瑋宜^|0925441727^|B145486871^|桃園市龜山區過溪79號11樓^|62
柏旭^|0963123165^|R241477031^|臺中市東區十甲東路44號9樓^|36
伊涵惠^|0954761064^|U168808577^|高雄市大寮區民昌街229號12樓^|115
陳智冠^|0921285538^|H145250804^|彰化縣花壇鄉彰員路２段71號5樓^|35
葉威^|0922847041^|F201260768^|新北市新店區安泰路45號11樓^|12
孟蕙宏^|0982764447^|Z151238470^|南投縣南投市光榮東路一街109號^|29
珠碧怡^|0986853032^|F175377727^|雲林縣虎尾鎮中華路492號12樓^|109
文潔燕^|0938273725^|C160843766^|臺中市后里區中山路100號22樓^|79
居成俊^|0987457853^|K243856651^|臺中市北屯區南京東路３段258號21樓^|81
鄔筱^|0954445032^|P267842456^|高雄市前鎮區天后街38號24樓^|26
珠文彥^|0937535613^|Q138150733^|新北市中和區圓通路126號13樓^|24
金翔于^|0938344208^|N263731157^|彰化縣鹿港鎮樂群路181號^|101
賴信君^|0937443053^|W143677024^|新竹縣關西鎮大有街165號14樓^|55
王雯品^|0972017758^|A181861173^|臺中市北屯區后庄路70號24樓^|23
江銘冠^|0955258546^|U147142378^|宜蘭縣蘇澳鎮南新路75號6樓^|118
珠舜詠^|0982341180^|L156810765^|桃園市中壢區正安街121號14樓^|60
溫煒縈^|0924423816^|G100127245^|屏東縣東港鎮三和三路107號15樓^|73
王亦剛^|0953884060^|G245008856^|新北市林口區文林街356號5樓^|90
施鑫嘉^|0971886106^|J206006043^|新北市石碇區外按189號20樓^|8
韓惠圻^|0953008123^|Z174313565^|臺南市南區大林路86號^|64
施佳益^|0924560086^|A213122616^|桃園市楊梅區田寮子118號22樓^|46
陳鼎齊^|0952356045^|P146883017^|臺南市柳營區福安街365號3樓^|101
溥玲曉^|0931446873^|H232002743^|宜蘭縣三星鄉萬富三路10號9樓^|42
吳俊修^|0970404810^|I288535036^|臺中市北屯區崇仁街499號11樓^|112
徐源子^|0918585380^|G203338680^|臺中市北屯區軍福十五路424號6樓^|106
馬昱緯^|0921882325^|A283472176^|臺北市中山區濱江街188號4樓^|107
公玲萱^|0929655821^|C101215115^|臺北市南港區園區街95號2樓^|105
趙函冠^|0937336056^|K154736300^|南投縣埔里鎮居仁巷215號^|49
簡怡凱^|0960121862^|B274334780^|嘉義縣中埔鄉廍後154號20樓^|47
王昱真^|0930726647^|M222063102^|彰化縣埔心鄉員鹿路２段464號20樓^|60
崔玉豪^|0987011646^|S260643163^|新北市深坑區北深路３段66號4樓^|73
趙世祖^|0912015165^|A181141701^|高雄市鳳山區南富街142號24樓^|58
高偉晨^|0963237470^|R216288366^|桃園市中壢區普仁153之3號20樓^|45
嚴森韜^|0971205605^|F186668319^|苗栗縣卓蘭鎮上新489號5樓^|99
邱儀^|0963140825^|Q188188509^|臺東縣臺東市開封街126號17樓^|16
酈學敬^|0930051744^|P288228107^|臺北市大安區溫州街251號3樓^|91
畢芬佩^|0954326854^|X174468884^|嘉義縣水上鄉鴿溪寮259號7樓^|31
充子謙^|0931878088^|V180175050^|新北市新莊區民全街334號10樓^|9
姚如宜^|0971540803^|T164516086^|屏東縣長治鄉進興巷26號4樓^|40
林麟慧^|0970040684^|L187884633^|嘉義縣太保市和平路146號9樓^|8
戚惠慧^|0953782278^|D188128003^|臺中市和平區武陵路379號16樓^|103
賴玉宇^|0953400348^|P101872512^|屏東縣屏東市勝利路365號16樓^|113
呂欣宏^|0954548402^|J203088650^|彰化縣田中鎮文中二街386號9樓^|55
王鈺秋^|0911362216^|F260230611^|嘉義市西區世賢路４段266號16樓^|32
吳懿雅^|0914267506^|Q245286035^|新竹縣芎林鄉崁下291號13樓^|9
柳玲燁^|0919406227^|J280413039^|臺南市新營區新北一街56號7樓^|43
魏珮吉^|0931223687^|A264502739^|高雄市大寮區富隆街455號23樓^|32
藍晏銘^|0912617654^|R251157171^|桃園市桃園區宏昌五街387號20樓^|5
郭宜郁^|0932230735^|D122727513^|臺南市官田區角秀306號10樓^|4
莫馨能^|0920148853^|X147772180^|高雄市苓雅區苓中巷492號^|100
莊娟家^|0938438435^|A144155223^|臺南市善化區大同路229號15樓^|50
魏淵苑^|0936408105^|S245232315^|宜蘭縣五結鄉五結北路302號17樓^|31
高泓鈺^|0938377857^|Q171720300^|臺中市梧棲區三條圳一街24號10樓^|20
